time,stage,target_wz,mode,yaw_unwrapped,stage_yaw_delta,odom_x,odom_y,odom_vx,odom_vy,odom_wz,cmd_sent_vx,cmd_sent_wz,last_sent_vx,last_sent_wz,vx_pwm,wz_pwm,pwm_1,pwm_2,pwm_3,pwm_4,wheel_layout,motor_signs,wz_pwm_deadband,wz_pwm_gain,pwm_max
1782800689.2736118,0,0.06,running,0.0,0.0,,,,,,,,,,,,,,,,,,,,
1782800689.3427186,0,0.06,running,0.0,0.0,0.0,0.0,0.0,0.0,0.0,0.0,0.06,0.0,0.0,0.0,0.0,0,0,0,0,fl-rl-fr-rr,"[1, 1, 1, 1]",10.0,150.0,40.0
1782800689.4428024,0,0.06,running,-0.001099686622619629,0.001099686622619629,-0.00014343738555908203,0.00014343738555908203,-0.003,0.003,-0.023,0.0,0.06,0.0,0.0,0.0,0.0,0,0,0,0,fl-rl-fr-rr,"[1, 1, 1, 1]",10.0,150.0,40.0
1782800689.5427592,0,0.06,running,-0.004039238214492798,0.004039238214492798,-0.0005582344583664945,0.000559857834067985,-0.007,0.007,-0.047,0.0,0.06,0.0,0.0,0.0,0.0,0,0,0,0,fl-rl-fr-rr,"[1, 1, 1, 1]",10.0,150.0,40.0
1782800689.642863,0,0.06,running,-0.01700036931037903,0.01700036931037903,-0.002665905676164355,0.0008854509003961852,-0.027,0.003,-0.211,0.0,0.06,0.0,0.0,0.0,0.0,0,0,0,0,fl-rl-fr-rr,"[1, 1, 1, 1]",10.0,150.0,40.0
1782800689.7436566,0,0.06,running,-0.036304517030715945,0.036304517030715945,-0.005745468457749946,0.0009576208744100298,-0.03,0.0,-0.188,0.0,0.06,0.0,0.0,0.0,0.0,0,0,0,0,fl-rl-fr-rr,"[1, 1, 1, 1]",10.0,150.0,40.0
1782800689.8436463,0,0.06,running,-0.06378975415229796,0.06378975415229796,-0.009714785939905225,0.0009390830919988623,-0.042,-0.003,-0.305,0.0,0.06,0.0,0.06,0.0,19.0,-19,-19,19,19,fl-rl-fr-rr,"[1, 1, 1, 1]",10.0,150.0,40.0
1782800689.942878,0,0.06,running,-0.1008547167778015,0.1008547167778015,-0.01393636097703818,0.001147907156573505,-0.038,0.0,-0.423,0.0,0.06,0.0,0.06,0.0,19.0,-19,-19,19,19,fl-rl-fr-rr,"[1, 1, 1, 1]",10.0,150.0,40.0
1782800690.0428429,0,0.06,running,-0.14101408481597902,0.14101408481597902,-0.018677898792591865,0.0018914413283661142,-0.05,0.003,-0.399,0.0,0.06,0.0,0.06,0.0,19.0,-19,-19,19,19,fl-rl-fr-rr,"[1, 1, 1, 1]",10.0,150.0,40.0
1782800690.1490018,0,0.06,running,-0.186431437253952,0.186431437253952,-0.02376311773269848,0.002329519400752807,-0.058,0.003,-0.446,0.0,0.06,0.0,0.06,0.0,19.0,-19,-19,19,19,fl-rl-fr-rr,"[1, 1, 1, 1]",10.0,150.0,40.0
1782800690.2430587,0,0.06,running,-0.231136156797409,0.231136156797409,-0.028699013484215313,0.0033381020671827484,-0.054,0.0,-0.47,0.0,0.06,0.0,0.06,0.0,19.0,-19,-19,19,19,fl-rl-fr-rr,"[1, 1, 1, 1]",10.0,150.0,40.0
1782800690.3427322,0,0.06,running,-0.281945329427719,0.281945329427719,-0.032676819299033696,0.004552044137156764,-0.046,0.0,-0.517,0.0,0.06,0.0,0.06,0.0,19.0,-19,-19,19,19,fl-rl-fr-rr,"[1, 1, 1, 1]",10.0,150.0,40.0
1782800690.4425657,0,0.06,running,-0.3335068473815917,0.3335068473815917,-0.03708108118128733,0.006002139330471503,-0.034,0.003,-0.54,0.0,0.06,0.0,0.06,0.0,19.0,-19,-19,19,19,fl-rl-fr-rr,"[1, 1, 1, 1]",10.0,150.0,40.0
1782800690.5425854,0,0.06,running,-0.39288176512718176,0.39288176512718176,-0.04088984679220438,0.0074095878417588254,-0.038,0.0,-0.611,0.0,0.06,0.0,0.06,0.0,19.0,-19,-19,19,19,fl-rl-fr-rr,"[1, 1, 1, 1]",10.0,150.0,40.0
1782800690.6426742,0,0.06,running,-0.45327991414070107,0.45327991414070107,-0.044310530056283694,0.008763527317226119,-0.038,-0.007,-0.611,0.0,0.06,0.0,0.06,0.0,19.0,-19,-19,19,19,fl-rl-fr-rr,"[1, 1, 1, 1]",10.0,150.0,40.0
1782800690.74272,0,0.06,running,-0.5185243189334868,0.5185243189334868,-0.04762625379084483,0.01035865193374876,-0.038,0.0,-0.658,0.0,0.06,0.0,0.06,0.0,19.0,-19,-19,19,19,fl-rl-fr-rr,"[1, 1, 1, 1]",10.0,150.0,40.0
1782800690.8426268,0,0.06,running,-0.5816591465473174,0.5816591465473174,-0.050582101180146326,0.012007934783552016,-0.03,0.0,-0.611,0.0,0.06,0.0,0.06,0.0,19.0,-19,-19,19,19,fl-rl-fr-rr,"[1, 1, 1, 1]",10.0,150.0,40.0
1782800690.9426286,0,0.06,running,-0.6449665777683259,0.6449665777683259,-0.05354822644272375,0.013685613165369174,-0.034,-0.003,-0.634,0.0,0.06,0.0,0.06,0.0,19.0,-19,-19,19,19,fl-rl-fr-rr,"[1, 1, 1, 1]",10.0,150.0,40.0
1782800691.0426323,0,0.06,running,-0.7076292290687561,0.7076292290687561,-0.05681837187622976,0.015667283035984927,-0.038,-0.007,-0.611,0.0,0.06,0.0,0.06,0.0,19.0,-19,-19,19,19,fl-rl-fr-rr,"[1, 1, 1, 1]",10.0,150.0,40.0
1782800691.1425612,0,0.06,running,-0.7723333597183228,0.7723333597183228,-0.05940603538150613,0.01770552691069768,-0.03,0.0,-0.658,0.0,0.06,0.0,0.06,0.0,19.0,-19,-19,19,19,fl-rl-fr-rr,"[1, 1, 1, 1]",10.0,150.0,40.0
1782800691.242757,0,0.06,running,-0.8377299599647523,0.8377299599647523,-0.06115872399341414,0.020155839339810137,-0.03,0.007,-0.658,0.0,0.06,0.0,0.06,0.0,19.0,-19,-19,19,19,fl-rl-fr-rr,"[1, 1, 1, 1]",10.0,150.0,40.0
1782800691.3427823,0,0.06,running,-0.9066762499809266,0.9066762499809266,-0.0634316075188258,0.022853630131406972,-0.038,0.007,-0.705,0.0,0.06,0.0,0.06,0.0,19.0,-19,-19,19,19,fl-rl-fr-rr,"[1, 1, 1, 1]",10.0,150.0,40.0
1782800691.4426432,0,0.06,running,-0.9737923078536989,0.9737923078536989,-0.065129000433995,0.024750872068578424,-0.03,-0.007,-0.658,0.0,0.06,0.0,0.06,0.0,19.0,-19,-19,19,19,fl-rl-fr-rr,"[1, 1, 1, 1]",10.0,150.0,40.0
1782800691.5426054,0,0.06,running,-1.0429639770984651,1.0429639770984651,-0.06760077213686566,0.02678118912572215,-0.027,-0.011,-0.728,0.0,0.06,0.0,0.06,0.0,19.0,-19,-19,19,19,fl-rl-fr-rr,"[1, 1, 1, 1]",10.0,150.0,40.0
1782800691.6428974,0,0.06,running,-1.113372639656067,1.113372639656067,-0.06904837765320888,0.029403752518449424,-0.03,0.0,-0.705,0.0,0.06,0.0,0.06,0.0,19.0,-19,-19,19,19,fl-rl-fr-rr,"[1, 1, 1, 1]",10.0,150.0,40.0
1782800691.7426481,0,0.06,running,-1.184703291654587,1.184703291654587,-0.07035261421850948,0.031656099182355006,-0.027,0.003,-0.681,0.0,0.06,0.0,0.06,0.0,19.0,-19,-19,19,19,fl-rl-fr-rr,"[1, 1, 1, 1]",10.0,150.0,40.0
1782800691.8447232,0,0.06,running,-1.2560507102012637,1.2560507102012637,-0.0706912049772782,0.03487988661067632,-0.03,0.007,-0.705,0.0,0.06,0.0,0.06,0.0,19.0,-19,-19,19,19,fl-rl-fr-rr,"[1, 1, 1, 1]",10.0,150.0,40.0
1782800691.943207,0,0.06,running,-1.3225420758724213,1.3225420758724213,-0.07152955093978877,0.037175472964545264,-0.023,-0.007,-0.658,0.0,0.06,0.0,0.06,0.0,19.0,-19,-19,19,19,fl-rl-fr-rr,"[1, 1, 1, 1]",10.0,150.0,40.0
1782800692.0427897,0,0.06,running,-1.3861167924404147,1.3861167924404147,-0.07359377587190874,0.0395355917084021,-0.03,-0.007,-0.658,0.0,0.06,0.0,0.06,0.0,19.0,-19,-19,19,19,fl-rl-fr-rr,"[1, 1, 1, 1]",10.0,150.0,40.0
1782800692.1429186,0,0.06,running,-1.4567336609363557,1.4567336609363557,-0.07330388773153433,0.04216614808835228,-0.03,0.007,-0.752,0.0,0.06,0.0,0.06,0.0,19.0,-19,-19,19,19,fl-rl-fr-rr,"[1, 1, 1, 1]",10.0,150.0,40.0
1782800692.242626,0,0.06,running,-1.5300310869216922,1.5300310869216922,-0.0727169459200466,0.04490808623884422,-0.023,0.007,-0.752,0.0,0.06,0.0,0.06,0.0,19.0,-19,-19,19,19,fl-rl-fr-rr,"[1, 1, 1, 1]",10.0,150.0,40.0
1782800692.3426154,0,0.06,running,-1.6019961593151097,1.6019961593151097,-0.07254361942227068,0.046674148219577126,-0.019,0.003,-0.728,0.0,0.06,0.0,0.06,0.0,19.0,-19,-19,19,19,fl-rl-fr-rr,"[1, 1, 1, 1]",10.0,150.0,40.0
1782800692.4426672,0,0.06,running,-1.6738755488395696,1.6738755488395696,-0.0728494001993562,0.04872809906533442,-0.027,-0.003,-0.681,0.0,0.06,0.0,0.06,0.0,19.0,-19,-19,19,19,fl-rl-fr-rr,"[1, 1, 1, 1]",10.0,150.0,40.0
1782800692.5426466,0,0.06,running,-1.7409019696712495,1.7409019696712495,-0.07157298331374834,0.05113966712002832,-0.027,0.011,-0.681,0.0,0.06,0.0,0.06,0.0,19.0,-19,-19,19,19,fl-rl-fr-rr,"[1, 1, 1, 1]",10.0,150.0,40.0
1782800692.6425676,0,0.06,running,-1.8119921145439155,1.8119921145439155,-0.07165956472492716,0.05363806784805184,-0.027,-0.011,-0.728,0.0,0.06,0.0,0.06,0.0,19.0,-19,-19,19,19,fl-rl-fr-rr,"[1, 1, 1, 1]",10.0,150.0,40.0
1782800692.7428768,0,0.06,running,-1.8826799318790444,1.8826799318790444,-0.07118482943342594,0.05617269981956863,-0.023,0.0,-0.752,0.0,0.06,0.0,0.06,0.0,19.0,-19,-19,19,19,fl-rl-fr-rr,"[1, 1, 1, 1]",10.0,150.0,40.0
1782800692.8425217,0,0.06,running,-1.9537468407154093,1.9537468407154093,-0.06943457852532604,0.057848657859269056,-0.023,0.007,-0.705,0.0,0.06,0.0,0.06,0.0,19.0,-19,-19,19,19,fl-rl-fr-rr,"[1, 1, 1, 1]",10.0,150.0,40.0
1782800692.9425535,0,0.06,running,-2.0232105739116677,2.0232105739116677,-0.06890949633900796,0.05999070203108198,-0.023,-0.015,-0.705,0.0,0.06,0.0,0.06,0.0,19.0,-19,-19,19,19,fl-rl-fr-rr,"[1, 1, 1, 1]",10.0,150.0,40.0
1782800693.042516,0,0.06,running,-2.0949426209926614,2.0949426209926614,-0.06873736813313594,0.06173644537337416,-0.011,0.003,-0.728,0.0,0.06,0.0,0.06,0.0,19.0,-19,-19,19,19,fl-rl-fr-rr,"[1, 1, 1, 1]",10.0,150.0,40.0
1782800693.1425667,0,0.06,running,-2.1667286427021035,2.1667286427021035,-0.06741740942097653,0.0629909596866285,-0.019,0.011,-0.728,0.0,0.06,0.0,0.06,0.0,19.0,-19,-19,19,19,fl-rl-fr-rr,"[1, 1, 1, 1]",10.0,150.0,40.0
1782800693.2425516,0,0.06,running,-2.2397960426807413,2.2397960426807413,-0.06624065710216537,0.0648252194696333,-0.019,-0.003,-0.728,0.0,0.06,0.0,0.06,0.0,19.0,-19,-19,19,19,fl-rl-fr-rr,"[1, 1, 1, 1]",10.0,150.0,40.0
1782800693.3425238,0,0.06,running,-2.3130734360218055,2.3130734360218055,-0.06622965399201146,0.0667635852798983,-0.015,-0.015,-0.752,0.0,0.06,0.0,0.06,0.0,19.0,-19,-19,19,19,fl-rl-fr-rr,"[1, 1, 1, 1]",10.0,150.0,40.0
1782800693.4425318,0,0.06,running,-2.390590813159944,2.390590813159944,-0.06483409437072463,0.06825633546342291,-0.019,0.003,-0.775,0.0,0.06,0.0,0.06,0.0,19.0,-19,-19,19,19,fl-rl-fr-rr,"[1, 1, 1, 1]",10.0,150.0,40.0
1782800693.5425987,0,0.06,running,-2.4616317648887645,2.4616317648887645,-0.06315196995339321,0.06962627975836472,-0.019,-0.003,-0.728,0.0,0.06,0.0,0.06,0.0,19.0,-19,-19,19,19,fl-rl-fr-rr,"[1, 1, 1, 1]",10.0,150.0,40.0
1782800693.6426458,0,0.06,running,-2.537019769191743,2.537019769191743,-0.06238681555735873,0.07109839295162693,-0.015,-0.007,-0.752,0.0,0.06,0.0,0.06,0.0,19.0,-19,-19,19,19,fl-rl-fr-rr,"[1, 1, 1, 1]",10.0,150.0,40.0
1782800693.7426324,0,0.06,running,-2.611804591655732,2.611804591655732,-0.060909387311124774,0.07205363967862612,-0.023,0.0,-0.752,0.0,0.06,0.0,0.06,0.0,19.0,-19,-19,19,19,fl-rl-fr-rr,"[1, 1, 1, 1]",10.0,150.0,40.0
1782800693.842634,0,0.06,running,-2.6848625266551984,2.6848625266551984,-0.05916480425241775,0.0734013771033217,-0.023,-0.007,-0.705,0.0,0.06,0.0,0.06,0.0,19.0,-19,-19,19,19,fl-rl-fr-rr,"[1, 1, 1, 1]",10.0,150.0,40.0
1782800693.9430382,0,0.06,running,-2.757813830137254,2.757813830137254,-0.0571775168271763,0.07507523342675707,-0.027,-0.003,-0.728,0.0,0.06,0.0,0.06,0.0,19.0,-19,-19,19,19,fl-rl-fr-rr,"[1, 1, 1, 1]",10.0,150.0,40.0
1782800694.043031,0,0.06,running,-2.832442989110948,2.832442989110948,-0.05489795752201231,0.07584176928383665,-0.011,0.003,-0.775,0.0,0.06,0.0,0.06,0.0,19.0,-19,-19,19,19,fl-rl-fr-rr,"[1, 1, 1, 1]",10.0,150.0,40.0
1782800694.142753,0,0.06,running,-2.904733364343645,2.904733364343645,-0.05224105907491165,0.07661267407175924,-0.03,0.0,-0.705,0.0,0.06,0.0,0.06,0.0,19.0,-19,-19,19,19,fl-rl-fr-rr,"[1, 1, 1, 1]",10.0,150.0,40.0
1782800694.2429025,0,0.06,running,-2.9789126417636886,2.9789126417636886,-0.05038288627323088,0.07772526372874992,-0.027,-0.003,-0.728,0.0,0.06,0.0,0.06,0.0,19.0,-19,-19,19,19,fl-rl-fr-rr,"[1, 1, 1, 1]",10.0,150.0,40.0
1782800694.3428614,0,0.06,running,-3.0523575384616866,3.0523575384616866,-0.04817955381994116,0.07650777316606942,-0.019,0.019,-0.728,0.0,0.06,0.0,0.06,0.0,19.0,-19,-19,19,19,fl-rl-fr-rr,"[1, 1, 1, 1]",10.0,150.0,40.0
1782800694.44274,0,0.06,running,-3.127194019556047,3.127194019556047,-0.04596585669815765,0.07630967017052155,-0.023,-0.007,-0.752,0.0,0.06,0.0,0.06,0.0,19.0,-19,-19,19,19,fl-rl-fr-rr,"[1, 1, 1, 1]",10.0,150.0,40.0
1782800694.542719,0,0.06,running,-3.2001084215641034,3.2001084215641034,-0.043943512619466225,0.07724139116354277,-0.023,-0.007,-0.752,0.0,0.06,0.0,0.06,0.0,19.0,-19,-19,19,19,fl-rl-fr-rr,"[1, 1, 1, 1]",10.0,150.0,40.0
1782800694.6426857,0,0.06,running,-3.2808216650486,3.2808216650486,-0.041262491345739345,0.07673842612716535,-0.023,0.007,-0.799,0.0,0.06,0.0,0.06,0.0,19.0,-19,-19,19,19,fl-rl-fr-rr,"[1, 1, 1, 1]",10.0,150.0,40.0
1782800694.742652,0,0.06,running,-3.351957376956941,3.351957376956941,-0.03951774348510282,0.07579379433517046,-0.019,0.003,-0.775,0.0,0.06,0.0,0.06,0.0,19.0,-19,-19,19,19,fl-rl-fr-rr,"[1, 1, 1, 1]",10.0,150.0,40.0
1782800694.8425558,0,0.06,running,-3.4268726806640633,3.4268726806640633,-0.03738188339842707,0.07600067634217504,-0.023,-0.007,-0.752,0.0,0.06,0.0,0.06,0.0,19.0,-19,-19,19,19,fl-rl-fr-rr,"[1, 1, 1, 1]",10.0,150.0,40.0
1782800694.9426901,0,0.06,running,-3.503082491636277,3.503082491636277,-0.03529325223194717,0.07543709157360196,-0.023,0.007,-0.799,0.0,0.06,0.0,0.06,0.0,19.0,-19,-19,19,19,fl-rl-fr-rr,"[1, 1, 1, 1]",10.0,150.0,40.0
1782800695.0425367,0,0.06,running,-3.577411833524705,3.577411833524705,-0.03332704709053015,0.07452496152434804,-0.023,0.0,-0.752,0.0,0.06,0.0,0.06,0.0,19.0,-19,-19,19,19,fl-rl-fr-rr,"[1, 1, 1, 1]",10.0,150.0,40.0
1782800695.142523,0,0.06,running,-3.6531302185058605,3.6531302185058605,-0.0317170946832118,0.07353549556802533,-0.019,0.011,-0.775,0.0,0.06,0.0,0.06,0.0,19.0,-19,-19,19,19,fl-rl-fr-rr,"[1, 1, 1, 1]",10.0,150.0,40.0
1782800695.2425597,0,0.06,running,-3.7258516960144052,3.7258516960144052,-0.030012301049296395,0.0721673982853526,-0.027,0.003,-0.728,0.0,0.06,0.0,0.06,0.0,19.0,-19,-19,19,19,fl-rl-fr-rr,"[1, 1, 1, 1]",10.0,150.0,40.0
1782800695.3426473,0,0.06,running,-3.797968522787095,3.797968522787095,-0.027987378147732736,0.0710838995823432,-0.019,-0.011,-0.728,0.0,0.06,0.0,0.06,0.0,19.0,-19,-19,19,19,fl-rl-fr-rr,"[1, 1, 1, 1]",10.0,150.0,40.0
1782800695.4426138,0,0.06,running,-3.873700886011125,3.873700886011125,-0.025057290225171596,0.07012355590067142,-0.027,-0.003,-0.775,0.0,0.06,0.0,0.06,0.0,19.0,-19,-19,19,19,fl-rl-fr-rr,"[1, 1, 1, 1]",10.0,150.0,40.0
1782800695.5427094,0,0.06,running,-3.94902243924141,3.94902243924141,-0.024049741377816968,0.06783766535164973,-0.027,0.011,-0.775,0.0,0.06,0.0,0.06,0.0,19.0,-19,-19,19,19,fl-rl-fr-rr,"[1, 1, 1, 1]",10.0,150.0,40.0
1782800695.642564,0,0.06,running,-4.027412880420686,4.027412880420686,-0.02285732487123068,0.06578929949535064,-0.023,-0.007,-0.799,0.0,0.06,0.0,0.06,0.0,19.0,-19,-19,19,19,fl-rl-fr-rr,"[1, 1, 1, 1]",10.0,150.0,40.0
1782800695.7427156,0,0.06,running,-4.108333604574204,4.108333604574204,-0.02050531077117164,0.06457395317580884,-0.019,-0.011,-0.822,0.0,0.06,0.0,0.06,0.0,19.0,-19,-19,19,19,fl-rl-fr-rr,"[1, 1, 1, 1]",10.0,150.0,40.0
1782800695.8426635,0,0.06,running,-4.1855998795032505,4.1855998795032505,-0.019360065042798736,0.06307054078788614,-0.019,0.003,-0.822,0.0,0.06,0.0,0.06,0.0,19.0,-19,-19,19,19,fl-rl-fr-rr,"[1, 1, 1, 1]",10.0,150.0,40.0
1782800695.942675,0,0.06,running,-4.263426856279374,4.263426856279374,-0.017968948227158776,0.060735712209897826,-0.027,-0.003,-0.775,0.0,0.06,0.0,0.06,0.0,19.0,-19,-19,19,19,fl-rl-fr-rr,"[1, 1, 1, 1]",10.0,150.0,40.0
1782800696.0427485,0,0.06,running,-4.340286710500718,4.340286710500718,-0.016840971547678114,0.05876127908861695,-0.011,-0.003,-0.775,0.0,0.06,0.0,0.06,0.0,19.0,-19,-19,19,19,fl-rl-fr-rr,"[1, 1, 1, 1]",10.0,150.0,40.0
1782800696.1428237,0,0.06,running,-4.417959618806838,4.417959618806838,-0.015496396624776827,0.05710449751966824,-0.015,-0.007,-0.846,0.0,0.06,0.0,0.06,0.0,19.0,-19,-19,19,19,fl-rl-fr-rr,"[1, 1, 1, 1]",10.0,150.0,40.0
1782800696.242841,0,0.06,running,-4.498855952501296,4.498855952501296,-0.013790122430000702,0.05503902276455717,-0.027,-0.011,-0.775,0.0,0.06,0.0,0.06,0.0,19.0,-19,-19,19,19,fl-rl-fr-rr,"[1, 1, 1, 1]",10.0,150.0,40.0
1782800696.3429298,0,0.06,running,-4.577320597410201,4.577320597410201,-0.013740966828472199,0.052834103405665876,-0.019,0.011,-0.728,0.0,0.06,0.0,0.06,0.0,19.0,-19,-19,19,19,fl-rl-fr-rr,"[1, 1, 1, 1]",10.0,150.0,40.0
1782800696.442589,0,0.06,running,-4.655176340579985,4.655176340579985,-0.013468016651999147,0.05082013396524545,-0.019,-0.011,-0.775,0.0,0.06,0.0,0.06,0.0,19.0,-19,-19,19,19,fl-rl-fr-rr,"[1, 1, 1, 1]",10.0,150.0,40.0
1782800696.5428767,0,0.06,running,-4.733543717145918,4.733543717145918,-0.011906975144643202,0.049099935875842694,-0.015,-0.015,-0.799,0.0,0.06,0.0,0.06,0.0,19.0,-19,-19,19,19,fl-rl-fr-rr,"[1, 1, 1, 1]",10.0,150.0,40.0
1782800696.642805,0,0.06,running,-4.811506476163862,4.811506476163862,-0.011306578419242493,0.047056493024138224,-0.019,-0.003,-0.775,0.0,0.06,0.0,0.06,0.0,19.0,-19,-19,19,19,fl-rl-fr-rr,"[1, 1, 1, 1]",10.0,150.0,40.0
1782800696.742818,0,0.06,running,-4.889626486539838,4.889626486539838,-0.011753423018948135,0.04506788544288069,-0.015,0.0,-0.799,0.0,0.06,0.0,0.06,0.0,19.0,-19,-19,19,19,fl-rl-fr-rr,"[1, 1, 1, 1]",10.0,150.0,40.0
1782800696.8427393,0,0.06,running,-4.968056866884229,4.968056866884229,-0.011324177602950507,0.04300518847331007,-0.027,-0.011,-0.822,0.0,0.06,0.0,0.06,0.0,19.0,-19,-19,19,19,fl-rl-fr-rr,"[1, 1, 1, 1]",10.0,150.0,40.0
1782800696.9426112,0,0.06,running,-5.050379190206525,5.050379190206525,-0.011429497686525002,0.04137980371046065,-0.015,0.0,-0.846,0.0,0.06,0.0,0.06,0.0,19.0,-19,-19,19,19,fl-rl-fr-rr,"[1, 1, 1, 1]",10.0,150.0,40.0
1782800697.0425878,0,0.06,running,-5.1340508320331555,5.1340508320331555,-0.012173758914700744,0.03947312894795831,-0.027,0.003,-0.822,0.0,0.06,0.0,0.06,0.0,19.0,-19,-19,19,19,fl-rl-fr-rr,"[1, 1, 1, 1]",10.0,150.0,40.0
1782800697.145087,1,0.08,running,-5.215481919527052,5.215481919527052,-0.012636364515713048,0.03742775740751927,-0.019,-0.011,-0.775,0.0,0.06,0.0,0.06,0.0,19.0,-19,-19,19,19,fl-rl-fr-rr,"[1, 1, 1, 1]",10.0,150.0,40.0
1782800697.2425697,1,0.08,running,-5.293513722896575,0.07803180336952309,-0.01357562145409252,0.0353544794211321,-0.023,0.007,-0.799,0.0,0.08,0.0,0.06,0.0,19.0,-19,-19,19,19,fl-rl-fr-rr,"[1, 1, 1, 1]",10.0,150.0,40.0
1782800697.342872,1,0.08,running,-5.382940493583678,0.16745857405662612,-0.014827764342393489,0.03313835329630225,-0.019,0.003,-0.916,0.0,0.08,0.0,0.08,0.0,22.0,-22,-22,22,22,fl-rl-fr-rr,"[1, 1, 1, 1]",10.0,150.0,40.0
1782800697.4425883,1,0.08,running,-5.475935126304626,0.2604532067775738,-0.016304918331191343,0.03225654919429235,-0.015,0.007,-0.94,0.0,0.08,0.0,0.08,0.0,22.0,-22,-22,22,22,fl-rl-fr-rr,"[1, 1, 1, 1]",10.0,150.0,40.0
1782800697.5425296,1,0.08,running,-5.573333313941955,0.35785139441490266,-0.017951355032962996,0.030643005500567498,-0.023,0.0,-0.987,0.0,0.08,0.0,0.08,0.0,22.0,-22,-22,22,22,fl-rl-fr-rr,"[1, 1, 1, 1]",10.0,150.0,40.0
1782800697.6424236,1,0.08,running,-5.6696303348541255,0.4541484153270732,-0.019339609372599906,0.029348752833042748,-0.019,0.003,-0.963,0.0,0.08,0.0,0.08,0.0,22.0,-22,-22,22,22,fl-rl-fr-rr,"[1, 1, 1, 1]",10.0,150.0,40.0
1782800697.7425134,1,0.08,running,-5.769025104761123,0.5535431852340711,-0.020861624930323747,0.02966350142678203,-0.011,0.011,-1.057,0.0,0.08,0.0,0.08,0.0,22.0,-22,-22,22,22,fl-rl-fr-rr,"[1, 1, 1, 1]",10.0,150.0,40.0
1782800697.842577,1,0.08,running,-5.869860558986664,0.6543786394596118,-0.02262371556932947,0.028371230408603027,-0.027,-0.003,-1.01,0.0,0.08,0.0,0.08,0.0,22.0,-22,-22,22,22,fl-rl-fr-rr,"[1, 1, 1, 1]",10.0,150.0,40.0
1782800697.942674,1,0.08,running,-5.970502388954163,0.7550204694271105,-0.024750716004211817,0.02789464451078036,-0.019,0.011,-1.01,0.0,0.08,0.0,0.08,0.0,22.0,-22,-22,22,22,fl-rl-fr-rr,"[1, 1, 1, 1]",10.0,150.0,40.0
1782800698.0426233,1,0.08,running,-6.072592407226563,0.8571104876995106,-0.026992014218008002,0.027461433625164202,-0.019,0.003,-1.01,0.0,0.08,0.0,0.08,0.0,22.0,-22,-22,22,22,fl-rl-fr-rr,"[1, 1, 1, 1]",10.0,150.0,40.0
1782800698.142875,1,0.08,running,-6.174093230247498,0.9586113107204453,-0.028560992852185083,0.02681721830437002,-0.023,-0.007,-0.987,0.0,0.08,0.0,0.08,0.0,22.0,-22,-22,22,22,fl-rl-fr-rr,"[1, 1, 1, 1]",10.0,150.0,40.0
1782800698.2427213,1,0.08,running,-6.276305148601532,1.0608232290744795,-0.030447840400143898,0.02657757836974741,-0.019,-0.003,-1.01,0.0,0.08,0.0,0.08,0.0,22.0,-22,-22,22,22,fl-rl-fr-rr,"[1, 1, 1, 1]",10.0,150.0,40.0
1782800698.3426566,1,0.08,running,-6.380319185972214,1.1648372664451614,-0.03261702077122012,0.026283756101782147,-0.019,-0.003,-1.01,0.0,0.08,0.0,0.08,0.0,22.0,-22,-22,22,22,fl-rl-fr-rr,"[1, 1, 1, 1]",10.0,150.0,40.0
1782800698.4427588,1,0.08,running,-6.480294327259064,1.2648124077320118,-0.03466398264332588,0.027406873503321202,-0.023,0.007,-0.987,0.0,0.08,0.0,0.08,0.0,22.0,-22,-22,22,22,fl-rl-fr-rr,"[1, 1, 1, 1]",10.0,150.0,40.0
1782800698.5427089,1,0.08,running,-6.581184227943421,1.3657023084163686,-0.037017788128384264,0.027473708413048043,-0.023,0.0,-0.987,0.0,0.08,0.0,0.08,0.0,22.0,-22,-22,22,22,fl-rl-fr-rr,"[1, 1, 1, 1]",10.0,150.0,40.0
1782800698.6429644,1,0.08,running,-6.683312800884248,1.4678308813571954,-0.03802840207798521,0.028299058088208484,-0.007,0.0,-1.034,0.0,0.08,0.0,0.08,0.0,22.0,-22,-22,22,22,fl-rl-fr-rr,"[1, 1, 1, 1]",10.0,150.0,40.0
1782800698.7429914,1,0.08,running,-6.787355059862137,1.571873140335085,-0.03988865767188752,0.02920297712618868,-0.023,-0.007,-1.034,0.0,0.08,0.0,0.08,0.0,22.0,-22,-22,22,22,fl-rl-fr-rr,"[1, 1, 1, 1]",10.0,150.0,40.0
1782800698.8429506,1,0.08,running,-6.892776391267777,1.6772944717407245,-0.04161083829522639,0.030035042324431847,-0.015,0.007,-1.081,0.0,0.08,0.0,0.08,0.0,22.0,-22,-22,22,22,fl-rl-fr-rr,"[1, 1, 1, 1]",10.0,150.0,40.0
1782800698.942654,1,0.08,running,-6.996985451221467,1.7815035316944146,-0.04394272745497365,0.03082438605099314,-0.023,-0.015,-0.987,0.0,0.08,0.0,0.08,0.0,22.0,-22,-22,22,22,fl-rl-fr-rr,"[1, 1, 1, 1]",10.0,150.0,40.0
1782800699.0432975,1,0.08,running,-7.097890952825546,1.8824090332984937,-0.04592538767183995,0.03162555170946056,-0.019,0.003,-1.01,0.0,0.08,0.0,0.08,0.0,22.0,-22,-22,22,22,fl-rl-fr-rr,"[1, 1, 1, 1]",10.0,150.0,40.0
1782800699.142586,1,0.08,running,-7.200200160264969,1.9847182407379167,-0.046724534693973925,0.033801779534309746,-0.023,0.007,-1.034,0.0,0.08,0.0,0.08,0.0,22.0,-22,-22,22,22,fl-rl-fr-rr,"[1, 1, 1, 1]",10.0,150.0,40.0
1782800699.2430942,1,0.08,running,-7.302294019460679,2.086812099933627,-0.04756436026005046,0.035534140545853285,-0.015,0.0,-1.034,0.0,0.08,0.0,0.08,0.0,22.0,-22,-22,22,22,fl-rl-fr-rr,"[1, 1, 1, 1]",10.0,150.0,40.0
1782800699.342491,1,0.08,running,-7.407535459756852,2.1920535402298,-0.04882777401154466,0.03796204302652834,-0.027,-0.003,-1.01,0.0,0.08,0.0,0.08,0.0,22.0,-22,-22,22,22,fl-rl-fr-rr,"[1, 1, 1, 1]",10.0,150.0,40.0
1782800699.4424999,1,0.08,running,-7.510942025184632,2.29546010565758,-0.04998993509336685,0.039794273604212824,-0.019,-0.003,-1.057,0.0,0.08,0.0,0.08,0.0,22.0,-22,-22,22,22,fl-rl-fr-rr,"[1, 1, 1, 1]",10.0,150.0,40.0
1782800699.5425456,1,0.08,running,-7.6134593248367315,2.397977405309679,-0.050584442866372266,0.04131381716742107,-0.015,0.0,-1.034,0.0,0.08,0.0,0.08,0.0,22.0,-22,-22,22,22,fl-rl-fr-rr,"[1, 1, 1, 1]",10.0,150.0,40.0
1782800699.6425364,1,0.08,running,-7.715244005203248,2.4997620856761955,-0.05094780896375312,0.043037337144630414,-0.019,0.003,-1.01,0.0,0.08,0.0,0.08,0.0,22.0,-22,-22,22,22,fl-rl-fr-rr,"[1, 1, 1, 1]",10.0,150.0,40.0
1782800699.742523,1,0.08,running,-7.819513149261475,2.6040312297344226,-0.05004734461747344,0.04502527762524847,-0.019,0.019,-1.057,0.0,0.08,0.0,0.08,0.0,22.0,-22,-22,22,22,fl-rl-fr-rr,"[1, 1, 1, 1]",10.0,150.0,40.0
1782800699.8426278,1,0.08,running,-7.924430933952332,2.7089490144252792,-0.05077829245480559,0.04680478835127795,-0.019,-0.011,-1.057,0.0,0.08,0.0,0.08,0.0,22.0,-22,-22,22,22,fl-rl-fr-rr,"[1, 1, 1, 1]",10.0,150.0,40.0
1782800699.9426785,1,0.08,running,-8.0278629758358,2.812381056308748,-0.05136755820581585,0.04862238563562225,-0.019,0.003,-1.057,0.0,0.08,0.0,0.08,0.0,22.0,-22,-22,22,22,fl-rl-fr-rr,"[1, 1, 1, 1]",10.0,150.0,40.0
1782800700.0427523,1,0.08,running,-8.133811607360839,2.9183296878337863,-0.05041431947237476,0.050375789854627304,-0.019,0.003,-1.057,0.0,0.08,0.0,0.08,0.0,22.0,-22,-22,22,22,fl-rl-fr-rr,"[1, 1, 1, 1]",10.0,150.0,40.0
1782800700.14298,1,0.08,running,-8.236008445501328,3.020526525974276,-0.05024115710636705,0.05203328084669871,-0.023,0.0,-0.987,0.0,0.08,0.0,0.08,0.0,22.0,-22,-22,22,22,fl-rl-fr-rr,"[1, 1, 1, 1]",10.0,150.0,40.0
1782800700.2427425,1,0.08,running,-8.338674086332322,3.1231921668052696,-0.04974800630719831,0.053893668732641606,-0.019,-0.003,-1.057,0.0,0.08,0.0,0.08,0.0,22.0,-22,-22,22,22,fl-rl-fr-rr,"[1, 1, 1, 1]",10.0,150.0,40.0
1782800700.3428824,1,0.08,running,-8.443316411972049,3.2278344924449964,-0.04979389810789405,0.055536331211872444,-0.015,-0.007,-1.034,0.0,0.08,0.0,0.08,0.0,22.0,-22,-22,22,22,fl-rl-fr-rr,"[1, 1, 1, 1]",10.0,150.0,40.0
1782800700.4428673,1,0.08,running,-8.545675485610964,3.3301935660839117,-0.0484147599906024,0.057018047688179016,-0.023,0.007,-1.034,0.0,0.08,0.0,0.08,0.0,22.0,-22,-22,22,22,fl-rl-fr-rr,"[1, 1, 1, 1]",10.0,150.0,40.0
1782800700.5429044,1,0.08,running,-8.652691957235339,3.4372100377082866,-0.047223384445241934,0.05893212911142746,-0.019,-0.003,-1.057,0.0,0.08,0.0,0.08,0.0,22.0,-22,-22,22,22,fl-rl-fr-rr,"[1, 1, 1, 1]",10.0,150.0,40.0
1782800700.6426756,1,0.08,running,-8.7622140288353,3.5467321093082482,-0.04568423278132297,0.05993130558026685,-0.015,0.007,-1.034,0.0,0.08,0.0,0.08,0.0,22.0,-22,-22,22,22,fl-rl-fr-rr,"[1, 1, 1, 1]",10.0,150.0,40.0
1782800700.7428749,1,0.08,running,-8.857076549530033,3.641594630002981,-0.04400200701355783,0.061494559187565266,-0.027,-0.003,-1.01,0.0,0.08,0.0,0.08,0.0,22.0,-22,-22,22,22,fl-rl-fr-rr,"[1, 1, 1, 1]",10.0,150.0,40.0
1782800700.8428204,1,0.08,running,-8.962750948190692,3.7472690286636396,-0.042679764331728626,0.06295835965298606,-0.023,0.0,-1.081,0.0,0.08,0.0,0.08,0.0,22.0,-22,-22,22,22,fl-rl-fr-rr,"[1, 1, 1, 1]",10.0,150.0,40.0
1782800700.9430728,1,0.08,running,-9.070164246320727,3.854682326793675,-0.04089511312597926,0.06398323175351342,-0.023,0.0,-1.081,0.0,0.08,0.0,0.08,0.0,22.0,-22,-22,22,22,fl-rl-fr-rr,"[1, 1, 1, 1]",10.0,150.0,40.0
1782800701.0429146,1,0.08,running,-9.179089865207676,3.9636079456806232,-0.03902312491228156,0.06522116627655582,-0.023,0.0,-1.128,0.0,0.08,0.0,0.08,0.0,22.0,-22,-22,22,22,fl-rl-fr-rr,"[1, 1, 1, 1]",10.0,150.0,40.0
1782800701.142622,1,0.08,running,-9.283316521167759,4.0678346016407065,-0.03678996746845149,0.06569698424840544,-0.023,0.0,-1.034,0.0,0.08,0.0,0.08,0.0,22.0,-22,-22,22,22,fl-rl-fr-rr,"[1, 1, 1, 1]",10.0,150.0,40.0
1782800701.2453673,1,0.08,running,-9.386284437894826,4.170802518367774,-0.03477788748910102,0.06590954748732121,-0.023,0.0,-1.034,0.0,0.08,0.0,0.08,0.0,22.0,-22,-22,22,22,fl-rl-fr-rr,"[1, 1, 1, 1]",10.0,150.0,40.0
1782800701.3427176,1,0.08,running,-9.489476518869404,4.273994599342352,-0.032476389750359526,0.06615367993124303,-0.023,-0.007,-1.034,0.0,0.08,0.0,0.08,0.0,22.0,-22,-22,22,22,fl-rl-fr-rr,"[1, 1, 1, 1]",10.0,150.0,40.0
1782800701.443358,1,0.08,running,-9.596978223323827,4.381496303796775,-0.030201641503746438,0.06592422171809788,-0.023,0.0,-1.081,0.0,0.08,0.0,0.08,0.0,22.0,-22,-22,22,22,fl-rl-fr-rr,"[1, 1, 1, 1]",10.0,150.0,40.0
1782800701.542806,1,0.08,running,-9.70282221961022,4.487340300083167,-0.02819641186810899,0.06544274836699648,-0.027,-0.003,-1.01,0.0,0.08,0.0,0.08,0.0,22.0,-22,-22,22,22,fl-rl-fr-rr,"[1, 1, 1, 1]",10.0,150.0,40.0
1782800701.64258,1,0.08,running,-9.806548929929738,4.591067010402686,-0.026051816318257225,0.06507403837143508,-0.019,-0.003,-1.057,0.0,0.08,0.0,0.08,0.0,22.0,-22,-22,22,22,fl-rl-fr-rr,"[1, 1, 1, 1]",10.0,150.0,40.0
1782800701.742685,1,0.08,running,-9.91213628864289,4.696654369115837,-0.023677262146463277,0.06389858569297967,-0.03,0.007,-1.034,0.0,0.08,0.0,0.08,0.0,22.0,-22,-22,22,22,fl-rl-fr-rr,"[1, 1, 1, 1]",10.0,150.0,40.0
1782800701.8425856,1,0.08,running,-10.015977066040046,4.8004951465129935,-0.02148784280848902,0.06275271585025624,-0.027,-0.003,-1.01,0.0,0.08,0.0,0.08,0.0,22.0,-22,-22,22,22,fl-rl-fr-rr,"[1, 1, 1, 1]",10.0,150.0,40.0
1782800701.9426577,1,0.08,running,-10.120262515544896,4.904780596017844,-0.019593353934533583,0.06176481945123341,-0.03,0.0,-1.081,0.0,0.08,0.0,0.08,0.0,22.0,-22,-22,22,22,fl-rl-fr-rr,"[1, 1, 1, 1]",10.0,150.0,40.0
1782800702.0425289,1,0.08,running,-10.227022706985478,5.011540787458426,-0.017891492203627322,0.060262279559361254,-0.015,0.0,-1.081,0.0,0.08,0.0,0.08,0.0,22.0,-22,-22,22,22,fl-rl-fr-rr,"[1, 1, 1, 1]",10.0,150.0,40.0
1782800702.1426482,1,0.08,running,-10.328063838243487,5.112581918716435,-0.015865440543037075,0.05885021710523386,-0.03,-0.007,-1.034,0.0,0.08,0.0,0.08,0.0,22.0,-22,-22,22,22,fl-rl-fr-rr,"[1, 1, 1, 1]",10.0,150.0,40.0
1782800702.242886,1,0.08,running,-10.430965192556384,5.2154832730293315,-0.013827899382540199,0.05703671834920769,-0.027,-0.003,-1.01,0.0,0.08,0.0,0.08,0.0,22.0,-22,-22,22,22,fl-rl-fr-rr,"[1, 1, 1, 1]",10.0,150.0,40.0
1782800702.3430731,1,0.08,running,-10.53661067438126,5.321128754854207,-0.012980347498580585,0.0552019462612702,-0.019,0.003,-1.057,0.0,0.08,0.0,0.08,0.0,22.0,-22,-22,22,22,fl-rl-fr-rr,"[1, 1, 1, 1]",10.0,150.0,40.0
1782800702.4427896,1,0.08,running,-10.641672636508945,5.426190716981893,-0.01173870840915334,0.05297858993909441,-0.03,-0.007,-1.034,0.0,0.08,0.0,0.08,0.0,22.0,-22,-22,22,22,fl-rl-fr-rr,"[1, 1, 1, 1]",10.0,150.0,40.0
1782800702.542652,1,0.08,running,-10.744342000961307,5.528860081434255,-0.010857371133024126,0.05126802983271434,-0.019,-0.003,-1.01,0.0,0.08,0.0,0.08,0.0,22.0,-22,-22,22,22,fl-rl-fr-rr,"[1, 1, 1, 1]",10.0,150.0,40.0
1782800702.6427867,1,0.08,running,-10.851255631208424,5.635773711681372,-0.010272284465974543,0.049560316120770866,-0.015,0.0,-1.034,0.0,0.08,0.0,0.08,0.0,22.0,-22,-22,22,22,fl-rl-fr-rr,"[1, 1, 1, 1]",10.0,150.0,40.0
1782800702.7428472,1,0.08,running,-10.954571839094166,5.739089919567114,-0.009930472902584269,0.0474375544788158,-0.019,-0.003,-1.057,0.0,0.08,0.0,0.08,0.0,22.0,-22,-22,22,22,fl-rl-fr-rr,"[1, 1, 1, 1]",10.0,150.0,40.0
1782800702.8429503,1,0.08,running,-11.05687863183022,5.841396712303167,-0.009807289742671354,0.045014000516408754,-0.023,0.0,-1.034,0.0,0.08,0.0,0.08,0.0,22.0,-22,-22,22,22,fl-rl-fr-rr,"[1, 1, 1, 1]",10.0,150.0,40.0
1782800702.9428859,1,0.08,running,-11.159898391962056,5.9444164724350035,-0.009551368805851097,0.04271958709299823,-0.023,-0.007,-1.034,0.0,0.08,0.0,0.08,0.0,22.0,-22,-22,22,22,fl-rl-fr-rr,"[1, 1, 1, 1]",10.0,150.0,40.0
1782800703.042783,1,0.08,running,-11.268472905159003,6.052990985631951,-0.009516050443244179,0.04060025737726621,-0.023,0.0,-1.081,0.0,0.08,0.0,0.08,0.0,22.0,-22,-22,22,22,fl-rl-fr-rr,"[1, 1, 1, 1]",10.0,150.0,40.0
1782800703.1426923,1,0.08,running,-11.374681500434882,6.1591995809078295,-0.010478259523455243,0.038533009714452005,-0.019,0.011,-1.057,0.0,0.08,0.0,0.08,0.0,22.0,-22,-22,22,22,fl-rl-fr-rr,"[1, 1, 1, 1]",10.0,150.0,40.0
1782800703.2428782,1,0.08,running,-11.481931840896612,6.26644992136956,-0.011764157717389825,0.03704454124620493,-0.023,0.007,-1.081,0.0,0.08,0.0,0.08,0.0,22.0,-22,-22,22,22,fl-rl-fr-rr,"[1, 1, 1, 1]",10.0,150.0,40.0
1782800703.342812,1,0.08,running,-11.587239512920386,6.371757593393333,-0.013126713673066942,0.03463877855119159,-0.019,0.003,-1.057,0.0,0.08,0.0,0.08,0.0,22.0,-22,-22,22,22,fl-rl-fr-rr,"[1, 1, 1, 1]",10.0,150.0,40.0
1782800703.4427593,1,0.08,running,-11.6946301586628,6.479148239135748,-0.01533337035453081,0.032999451293901014,-0.019,0.011,-1.057,0.0,0.08,0.0,0.08,0.0,22.0,-22,-22,22,22,fl-rl-fr-rr,"[1, 1, 1, 1]",10.0,150.0,40.0
1782800703.54256,1,0.08,running,-11.80033153724671,6.584849617719657,-0.016507357180645756,0.030673109256185972,-0.03,-0.007,-1.081,0.0,0.08,0.0,0.08,0.0,22.0,-22,-22,22,22,fl-rl-fr-rr,"[1, 1, 1, 1]",10.0,150.0,40.0
